{
	"modules" : {
		"despmto1": {
			"path" : "{recof}/despmto1/despmto1",
			"autoload": true,
			"config": {
				"apuUrl": "${seed-rest-path}"
			}
		},
		"despmto1.service": {
			"path" : "{recof}/despmto1/despmto1.service",
			"autoload": true,
			"config": {
				"apuUrl": "${seed-rest-path}"
			}
		},
		"despmto1.render": {
			"path" : "{recof}/despmto1/despmto1.render",
			"autoload": true,
			"config": {
				"apuUrl": "${seed-rest-path}"
			}
		}
	},
	"routes":{
		"despmto1": {
            "templateUrl":"{recof}/views/despmto1.html",
            "controller":"despmto1Controller",
            "category":"referenciales.gestionRecof",
            "sortKey":1,
            "security":"hasPermission('seed-w20','despmto1:total') || hasPermission('seed-w20','despmto1:read')"
        },
	}
}